X,Y,Point_ID,Height
506185.982,330451.358,LAU_R_1074,61.481
506185.971,330451.354,LAU_R_1073,61.478
506185.966,330451.37,LAU_R_1072,61.463
506185.963,330451.382,LAU_R_1071,61.457
506185.971,330451.37,LAU_R_1070,61.47
506185.962,330451.385,LAU_R_1069,61.425
506185.953,330451.41,LAU_R_1068,61.371
506185.958,330451.408,LAU_R_1067,61.407
506185.967,330451.407,LAU_R_1066,61.497
506186.001,330451.393,LAU_R_1065,61.528
506186.0,330451.419,LAU_R_1064,61.476
506185.968,330451.382,LAU_R_1063,61.493
506185.977,330451.397,LAU_R_1062,61.456
506185.975,330451.336,LAU_R_1061,61.408
506185.988,330451.359,LAU_R_1060,61.424
506186.01,330451.399,LAU_R_1059,61.433
506186.037,330451.415,LAU_R_1058,61.445
506186.173,330451.603,LAU_R_1057,61.429
506187.098,330451.915,LAU_R_1056,61.42
506188.483,330452.389,LAU_R_1055,61.422
506189.773,330452.837,LAU_R_1054,61.391
506190.972,330453.2,LAU_R_1053,61.388
506192.198,330453.607,LAU_R_1052,61.369
506193.46,330454.029,LAU_R_1051,61.358
506194.728,330454.44,LAU_R_1050,61.329
506195.997,330454.838,LAU_R_1049,61.314
506197.343,330455.281,LAU_R_1048,61.304
506198.612,330455.69,LAU_R_1047,61.285
506199.962,330456.143,LAU_R_1046,61.279
506201.257,330456.606,LAU_R_1045,61.254
506202.587,330456.993,LAU_R_1044,61.23
506203.951,330457.46,LAU_R_1043,61.205
506205.212,330457.881,LAU_R_1042,61.171
506206.585,330458.335,LAU_R_1041,61.15
506207.912,330458.85,LAU_R_1040,61.159
506209.17,330459.269,LAU_R_1039,61.124
506210.53,330459.686,LAU_R_1038,61.114
506211.851,330460.127,LAU_R_1037,61.117
506213.231,330460.61,LAU_R_1036,61.094
506214.571,330461.091,LAU_R_1035,61.06
506215.918,330461.602,LAU_R_1034,61.046
506217.285,330461.992,LAU_R_1033,61.02
506218.652,330462.489,LAU_R_1032,60.989
506219.968,330462.931,LAU_R_1031,60.966
506221.24,330463.386,LAU_R_1030,60.95
506222.591,330463.863,LAU_R_1029,60.92
506223.838,330464.281,LAU_R_1028,60.9
506225.166,330464.718,LAU_R_1027,60.84
506226.488,330465.205,LAU_R_1026,60.82
506227.881,330465.621,LAU_R_1025,60.776
506229.234,330466.089,LAU_R_1024,60.742
506230.539,330466.531,LAU_R_1023,60.707
506231.849,330466.979,LAU_R_1022,60.712
506233.14,330467.427,LAU_R_1021,60.701
506234.47,330467.832,LAU_R_1020,60.666
506235.783,330468.281,LAU_R_1019,60.657
506237.056,330468.699,LAU_R_1018,60.629
506238.394,330469.137,LAU_R_1017,60.585
506239.785,330469.561,LAU_R_1016,60.572
506241.116,330469.979,LAU_R_1015,60.582
506242.468,330470.405,LAU_R_1014,60.575
506243.774,330470.839,LAU_R_1013,60.588
506245.104,330471.28,LAU_R_1012,60.582
506246.459,330471.728,LAU_R_1011,60.582
506247.794,330472.135,LAU_R_1010,60.533
506249.098,330472.577,LAU_R_1009,60.54
506250.448,330473.001,LAU_R_1008,60.527
506251.825,330473.433,LAU_R_1007,60.528
506253.193,330473.886,LAU_R_1006,60.564
506254.5,330474.304,LAU_R_1005,60.544
506255.864,330474.712,LAU_R_1004,60.535
506257.159,330475.149,LAU_R_1003,60.533
506258.431,330475.56,LAU_R_1002,60.532
506259.694,330475.962,LAU_R_1001,60.515
506261.024,330476.372,LAU_R_1000,60.476
506262.337,330476.806,LAU_R_999,60.504
506263.594,330477.215,LAU_R_998,60.502
506264.886,330477.605,LAU_R_997,60.467
506266.146,330478.054,LAU_R_996,60.435
506267.379,330478.392,LAU_R_995,60.469
506268.597,330478.805,LAU_R_994,60.419
506269.839,330479.177,LAU_R_993,60.41
506271.027,330479.493,LAU_R_992,60.381
506272.072,330479.818,LAU_R_991,60.378
506272.993,330480.113,LAU_R_990,60.387
506273.831,330480.375,LAU_R_989,60.386
506274.255,330480.524,LAU_R_988,60.384
506274.258,330480.556,LAU_R_987,60.367
506274.259,330480.546,LAU_R_986,60.361
506274.223,330480.631,LAU_R_985,60.446
506274.198,330481.016,LAU_R_984,60.417
506274.298,330481.161,LAU_R_983,60.504
506274.323,330481.545,LAU_R_982,60.347
506274.313,330481.554,LAU_R_981,60.343
506274.315,330481.58,LAU_R_980,60.323
506274.308,330481.575,LAU_R_979,60.361
506274.454,330481.716,LAU_R_978,60.897
506274.272,330481.583,LAU_R_977,60.28
506274.267,330481.622,LAU_R_976,60.369
506274.141,330481.669,LAU_R_975,60.347
506273.851,330481.668,LAU_R_974,60.342
506272.797,330481.324,LAU_R_973,60.356
506271.575,330481.017,LAU_R_972,60.344
506270.222,330480.586,LAU_R_971,60.37
506268.848,330480.159,LAU_R_970,60.401
506267.589,330479.755,LAU_R_969,60.456
506266.28,330479.426,LAU_R_968,60.463
506265.026,330478.975,LAU_R_967,60.454
506263.717,330478.57,LAU_R_966,60.482
506262.403,330478.167,LAU_R_965,60.503
506261.157,330477.752,LAU_R_964,60.49
506259.873,330477.353,LAU_R_963,60.495
506258.626,330476.932,LAU_R_962,60.526
506257.342,330476.51,LAU_R_961,60.524
506256.081,330476.125,LAU_R_960,60.52
506254.774,330475.676,LAU_R_959,60.548
506253.622,330475.326,LAU_R_958,60.538
506252.411,330474.911,LAU_R_957,60.549
506251.217,330474.563,LAU_R_956,60.51
506249.918,330474.105,LAU_R_955,60.517
506248.556,330473.703,LAU_R_954,60.52
506247.306,330473.413,LAU_R_953,60.541
506246.044,330472.908,LAU_R_952,60.554
506244.765,330472.508,LAU_R_951,60.545
506243.473,330472.013,LAU_R_950,60.544
506242.134,330471.647,LAU_R_949,60.557
506240.778,330471.157,LAU_R_948,60.585
506239.45,330470.803,LAU_R_947,60.578
506238.15,330470.32,LAU_R_946,60.62
506236.798,330469.9,LAU_R_945,60.624
506235.436,330469.464,LAU_R_944,60.641
506234.107,330469.069,LAU_R_943,60.639
506232.885,330468.601,LAU_R_942,60.669
506231.494,330468.156,LAU_R_941,60.666
506230.223,330467.759,LAU_R_940,60.722
506228.839,330467.277,LAU_R_939,60.767
506227.472,330466.792,LAU_R_938,60.783
506226.144,330466.358,LAU_R_937,60.83
506224.823,330465.861,LAU_R_936,60.843
506223.49,330465.436,LAU_R_935,60.842
506222.26,330464.984,LAU_R_934,60.913
506220.893,330464.541,LAU_R_933,60.952
506219.513,330464.097,LAU_R_932,60.965
506218.226,330463.591,LAU_R_931,60.969
506216.897,330463.2,LAU_R_930,60.993
506215.572,330462.712,LAU_R_929,61.027
506214.247,330462.266,LAU_R_928,61.053
506212.985,330461.842,LAU_R_927,61.076
506211.693,330461.449,LAU_R_926,61.119
506210.434,330460.964,LAU_R_925,61.113
506209.214,330460.542,LAU_R_924,61.129
506207.91,330460.124,LAU_R_923,61.122
506206.682,330459.697,LAU_R_922,61.141
506205.497,330459.316,LAU_R_921,61.152
506204.283,330458.842,LAU_R_920,61.19
506203.059,330458.433,LAU_R_919,61.186
506201.762,330458.05,LAU_R_918,61.207
506200.507,330457.634,LAU_R_917,61.241
506199.314,330457.248,LAU_R_916,61.248
506198.106,330456.881,LAU_R_915,61.26
506196.928,330456.513,LAU_R_914,61.257
506195.726,330456.109,LAU_R_913,61.279
506194.551,330455.657,LAU_R_912,61.303
506193.445,330455.325,LAU_R_911,61.299
506192.287,330454.969,LAU_R_910,61.304
506191.589,330454.725,LAU_R_909,61.303
506191.308,330454.621,LAU_R_908,61.339
506190.088,330454.236,LAU_R_907,61.35
506188.89,330453.869,LAU_R_906,61.594
506187.69,330453.501,LAU_R_905,61.677
506186.75,330453.138,LAU_R_904,61.757
506185.902,330452.941,LAU_R_903,61.368
506185.643,330453.048,LAU_R_902,60.864
506185.512,330453.734,LAU_R_901,59.891
506185.315,330453.061,LAU_R_900,61.49
506184.711,330453.416,LAU_R_899,61.381
506184.777,330453.421,LAU_R_898,61.36
506185.705,330453.779,LAU_R_897,61.334
506186.867,330454.205,LAU_R_896,61.298
506188.011,330454.583,LAU_R_895,61.293
506189.207,330454.955,LAU_R_894,61.301
506190.415,330455.387,LAU_R_893,61.296
506191.574,330455.742,LAU_R_892,61.256
506192.732,330456.136,LAU_R_891,61.264
506193.874,330456.501,LAU_R_890,61.231
506195.113,330456.891,LAU_R_889,61.237
506196.305,330457.309,LAU_R_888,61.243
506197.471,330457.685,LAU_R_887,61.208
506198.636,330458.143,LAU_R_886,61.22
506199.859,330458.494,LAU_R_885,61.205
506201.111,330458.933,LAU_R_884,61.18
506202.325,330459.323,LAU_R_883,61.166
506203.541,330459.724,LAU_R_882,61.16
506204.791,330460.169,LAU_R_881,61.15
506205.972,330460.559,LAU_R_880,61.122
506207.253,330460.999,LAU_R_879,61.116
506208.469,330461.456,LAU_R_878,61.096
506209.65,330461.8,LAU_R_877,61.09
506210.83,330462.209,LAU_R_876,61.07
506212.041,330462.651,LAU_R_875,61.032
506213.275,330463.072,LAU_R_874,61.012
506214.528,330463.485,LAU_R_873,61.013
506215.785,330463.933,LAU_R_872,61.019
506216.975,330464.333,LAU_R_871,60.973
506218.17,330464.714,LAU_R_870,60.942
506219.309,330465.117,LAU_R_869,60.926
506220.575,330465.58,LAU_R_868,60.886
506221.797,330465.999,LAU_R_867,60.874
506223.041,330466.414,LAU_R_866,60.859
506224.33,330466.831,LAU_R_865,60.83
506225.585,330467.265,LAU_R_864,60.8
506226.741,330467.666,LAU_R_863,60.779
506227.919,330468.021,LAU_R_862,60.749
506229.097,330468.434,LAU_R_861,60.721
506230.298,330468.846,LAU_R_860,60.702
506231.517,330469.225,LAU_R_859,60.695
506232.802,330469.64,LAU_R_858,60.628
506234.133,330470.071,LAU_R_857,60.605
506235.327,330470.49,LAU_R_856,60.58
506236.557,330470.903,LAU_R_855,60.601
506237.777,330471.251,LAU_R_854,60.584
506239.025,330471.677,LAU_R_853,60.569
506240.319,330472.058,LAU_R_852,60.557
506241.608,330472.472,LAU_R_851,60.534
506242.86,330472.885,LAU_R_850,60.551
506244.094,330473.3,LAU_R_849,60.513
506245.312,330473.722,LAU_R_848,60.516
506246.537,330474.132,LAU_R_847,60.511
506247.851,330474.454,LAU_R_846,60.504
506249.141,330474.879,LAU_R_845,60.508
506250.398,330475.328,LAU_R_844,60.511
506251.681,330475.718,LAU_R_843,60.525
506252.863,330476.109,LAU_R_842,60.517
506254.13,330476.504,LAU_R_841,60.506
506255.344,330476.893,LAU_R_840,60.497
506256.622,330477.214,LAU_R_839,60.5
506257.814,330477.668,LAU_R_838,60.524
506258.968,330478.074,LAU_R_837,60.49
506260.185,330478.452,LAU_R_836,60.48
506261.473,330478.798,LAU_R_835,60.479
506262.75,330479.239,LAU_R_834,60.463
506263.977,330479.608,LAU_R_833,60.453
506265.188,330480.004,LAU_R_832,60.417
506266.496,330480.426,LAU_R_831,60.408
506267.719,330480.792,LAU_R_830,60.434
506268.987,330481.12,LAU_R_829,60.364
506270.17,330481.498,LAU_R_828,60.332
506271.419,330481.891,LAU_R_827,60.29
506272.568,330482.245,LAU_R_826,60.325
506273.613,330482.58,LAU_R_825,60.316
506274.33,330482.723,LAU_R_824,60.297
506274.395,330482.713,LAU_R_823,60.29
506274.349,330482.73,LAU_R_822,60.29
506274.303,330482.845,LAU_R_821,60.37
506274.269,330483.259,LAU_R_820,60.358
506274.277,330483.595,LAU_R_819,60.331
506274.256,330483.637,LAU_R_818,60.338
506274.256,330483.668,LAU_R_817,60.323
506274.203,330483.585,LAU_R_816,60.349
506274.371,330483.602,LAU_R_815,60.397
506274.281,330483.866,LAU_R_814,60.386
506273.958,330483.878,LAU_R_813,60.342
506273.282,330483.555,LAU_R_812,60.312
506272.192,330483.216,LAU_R_811,60.311
506270.941,330482.891,LAU_R_810,60.321
506269.721,330482.507,LAU_R_809,60.359
506268.515,330482.145,LAU_R_808,60.389
506267.316,330481.803,LAU_R_807,60.405
506266.097,330481.376,LAU_R_806,60.396
506264.834,330481.009,LAU_R_805,60.407
506263.601,330480.62,LAU_R_804,60.426
506262.327,330480.163,LAU_R_803,60.439
506261.06,330479.784,LAU_R_802,60.424
506259.778,330479.346,LAU_R_801,60.458
506258.525,330478.972,LAU_R_800,60.486
506257.318,330478.581,LAU_R_799,60.473
506256.151,330478.227,LAU_R_798,60.459
506254.968,330477.861,LAU_R_797,60.47
506253.671,330477.45,LAU_R_796,60.478
506252.425,330477.065,LAU_R_795,60.501
506251.182,330476.691,LAU_R_794,60.507
506250.005,330476.291,LAU_R_793,60.507
506248.844,330475.879,LAU_R_792,60.497
506247.622,330475.476,LAU_R_791,60.52
506246.378,330475.142,LAU_R_790,60.513
506245.167,330474.74,LAU_R_789,60.515
506243.961,330474.317,LAU_R_788,60.499
506242.687,330473.988,LAU_R_787,60.563
506241.422,330473.536,LAU_R_786,60.54
506240.191,330473.093,LAU_R_785,60.554
506238.952,330472.745,LAU_R_784,60.57
506237.652,330472.341,LAU_R_783,60.607
506236.486,330471.951,LAU_R_782,60.599
506235.259,330471.55,LAU_R_781,60.635
506234.021,330471.156,LAU_R_780,60.637
506232.752,330470.733,LAU_R_779,60.675
506231.572,330470.304,LAU_R_778,60.682
506230.256,330469.903,LAU_R_777,60.707
506229.087,330469.475,LAU_R_776,60.742
506227.853,330469.078,LAU_R_775,60.755
506226.539,330468.713,LAU_R_774,60.787
506225.255,330468.254,LAU_R_773,60.802
506224.023,330467.861,LAU_R_772,60.834
506222.807,330467.384,LAU_R_771,60.846
506221.558,330466.955,LAU_R_770,60.871
506220.268,330466.507,LAU_R_769,60.912
506219.083,330466.17,LAU_R_768,60.912
506217.89,330465.765,LAU_R_767,60.942
506216.706,330465.301,LAU_R_766,60.983
506215.515,330464.859,LAU_R_765,61.011
506214.348,330464.467,LAU_R_764,61.031
506213.171,330464.077,LAU_R_763,61.046
506211.982,330463.685,LAU_R_762,61.052
506210.835,330463.287,LAU_R_761,61.077
506209.641,330462.896,LAU_R_760,61.098
506208.466,330462.514,LAU_R_759,61.103
506207.227,330462.075,LAU_R_758,61.106
506205.966,330461.585,LAU_R_757,61.13
506204.73,330461.19,LAU_R_756,61.139
506203.536,330460.812,LAU_R_755,61.156
506202.325,330460.409,LAU_R_754,61.181
506201.14,330460.01,LAU_R_753,61.192
506199.936,330459.587,LAU_R_752,61.167
506198.686,330459.156,LAU_R_751,61.203
506197.483,330458.743,LAU_R_750,61.229
506196.35,330458.335,LAU_R_749,61.205
506195.192,330457.966,LAU_R_748,61.228
506194.019,330457.615,LAU_R_747,61.248
506192.802,330457.221,LAU_R_746,61.249
506191.603,330456.816,LAU_R_745,61.268
506190.455,330456.434,LAU_R_744,61.298
506189.265,330456.052,LAU_R_743,61.3
506188.008,330455.559,LAU_R_742,61.295
506186.885,330455.233,LAU_R_741,61.302
506185.883,330454.891,LAU_R_740,61.306
506185.443,330454.824,LAU_R_739,61.384
506185.491,330454.946,LAU_R_738,61.424
506185.591,330454.979,LAU_R_737,61.455
506185.213,330455.661,LAU_R_736,61.298
506185.198,330455.772,LAU_R_735,61.322
506185.304,330455.698,LAU_R_734,61.1
506185.252,330455.734,LAU_R_733,61.283
506186.156,330456.085,LAU_R_732,61.319
506187.301,330456.477,LAU_R_731,61.302
506188.457,330456.812,LAU_R_730,61.284
506189.59,330457.217,LAU_R_729,61.268
506190.82,330457.65,LAU_R_728,61.277
506191.983,330458.04,LAU_R_727,61.279
506193.164,330458.414,LAU_R_726,61.277
506194.369,330458.765,LAU_R_725,61.246
506195.524,330459.152,LAU_R_724,61.262
506196.649,330459.577,LAU_R_723,61.218
506197.847,330459.953,LAU_R_722,61.207
506199.033,330460.391,LAU_R_721,61.192
506200.175,330460.733,LAU_R_720,61.185
506201.372,330461.148,LAU_R_719,61.17
506202.46,330461.516,LAU_R_718,61.146
506203.553,330461.856,LAU_R_717,61.145
506204.679,330462.272,LAU_R_716,61.114
506205.869,330462.664,LAU_R_715,61.079
506206.993,330463.065,LAU_R_714,61.064
506208.168,330463.455,LAU_R_713,61.043
506209.335,330463.874,LAU_R_712,61.052
506210.541,330464.228,LAU_R_711,61.045
506211.764,330464.654,LAU_R_710,61.056
506212.965,330465.101,LAU_R_709,61.021
506214.125,330465.482,LAU_R_708,61.019
506215.33,330465.892,LAU_R_707,60.963
506216.55,330466.302,LAU_R_706,60.931
506217.724,330466.707,LAU_R_705,60.929
506218.944,330467.139,LAU_R_704,60.912
506220.207,330467.563,LAU_R_703,60.866
506221.458,330467.953,LAU_R_702,60.826
506222.609,330468.394,LAU_R_701,60.839
506223.75,330468.746,LAU_R_700,60.813
506224.789,330469.095,LAU_R_699,60.794
506225.828,330469.452,LAU_R_698,60.784
506226.716,330469.756,LAU_R_697,60.727
506227.391,330469.974,LAU_R_696,60.849
506227.432,330470.021,LAU_R_695,60.775
506228.186,330470.217,LAU_R_694,60.744
506229.377,330470.605,LAU_R_693,60.712
506230.56,330470.985,LAU_R_692,60.692
506231.704,330471.379,LAU_R_691,60.638
506232.892,330471.783,LAU_R_690,60.624
506234.081,330472.217,LAU_R_689,60.595
506235.291,330472.594,LAU_R_688,60.582
506236.481,330472.963,LAU_R_687,60.588
506237.683,330473.328,LAU_R_686,60.545
506238.851,330473.697,LAU_R_685,60.53
506240.001,330474.069,LAU_R_684,60.525
506241.171,330474.494,LAU_R_683,60.496
506242.301,330474.847,LAU_R_682,60.541
506243.485,330475.233,LAU_R_681,60.474
506244.614,330475.615,LAU_R_680,60.462
506245.827,330475.967,LAU_R_679,60.453
506247.027,330476.368,LAU_R_678,60.451
506248.269,330476.741,LAU_R_677,60.449
506249.475,330477.154,LAU_R_676,60.438
506250.734,330477.547,LAU_R_675,60.426
506252.02,330477.929,LAU_R_674,60.409
506253.21,330478.313,LAU_R_673,60.419
506254.401,330478.691,LAU_R_672,60.377
506255.59,330479.065,LAU_R_671,60.414
506256.864,330479.466,LAU_R_670,60.421
506258.114,330479.896,LAU_R_669,60.41
506259.389,330480.296,LAU_R_668,60.414
506260.612,330480.67,LAU_R_667,60.411
506261.781,330481.035,LAU_R_666,60.376
506263.042,330481.428,LAU_R_665,60.375
506264.243,330481.816,LAU_R_664,60.349
506265.405,330482.18,LAU_R_663,60.342
506266.607,330482.546,LAU_R_662,60.295
506267.825,330482.913,LAU_R_661,60.328
506269.014,330483.289,LAU_R_660,60.287
506270.179,330483.635,LAU_R_659,60.279
506271.276,330483.964,LAU_R_658,60.246
506272.342,330484.281,LAU_R_657,60.303
506273.243,330484.594,LAU_R_656,60.304
506273.495,330484.683,LAU_R_655,60.363
506273.317,330484.761,LAU_R_654,60.421
506273.494,330485.156,LAU_R_653,60.399
506273.379,330485.477,LAU_R_652,60.458
506273.379,330485.931,LAU_R_651,60.361
506273.165,330485.87,LAU_R_650,60.302
506272.977,330485.701,LAU_R_649,60.278
506272.078,330485.427,LAU_R_648,60.276
506270.952,330485.068,LAU_R_647,60.298
506269.769,330484.683,LAU_R_646,60.308
506268.542,330484.318,LAU_R_645,60.297
506267.3,330483.933,LAU_R_644,60.351
506266.134,330483.578,LAU_R_643,60.357
506264.905,330483.194,LAU_R_642,60.373
506263.568,330482.818,LAU_R_641,60.369
506262.353,330482.381,LAU_R_640,60.369
506261.092,330482.021,LAU_R_639,60.39
506259.848,330481.627,LAU_R_638,60.397
506258.619,330481.236,LAU_R_637,60.431
506257.416,330480.842,LAU_R_636,60.434
506256.232,330480.474,LAU_R_635,60.453
506255.075,330480.098,LAU_R_634,60.447
506253.877,330479.738,LAU_R_633,60.459
506252.715,330479.321,LAU_R_632,60.448
506251.472,330478.903,LAU_R_631,60.446
506250.246,330478.543,LAU_R_630,60.463
506249.04,330478.148,LAU_R_629,60.443
506247.841,330477.714,LAU_R_628,60.446
506246.641,330477.371,LAU_R_627,60.467
506245.379,330476.974,LAU_R_626,60.48
506244.142,330476.549,LAU_R_625,60.506
506242.872,330476.216,LAU_R_624,60.499
506241.563,330475.759,LAU_R_623,60.489
506240.321,330475.319,LAU_R_622,60.521
506239.121,330474.943,LAU_R_621,60.557
506237.881,330474.543,LAU_R_620,60.572
506236.715,330474.172,LAU_R_619,60.575
506235.363,330473.739,LAU_R_618,60.573
506234.094,330473.366,LAU_R_617,60.606
506232.805,330472.978,LAU_R_616,60.611
506231.651,330472.496,LAU_R_615,60.654
506230.467,330472.146,LAU_R_614,60.705
506229.109,330471.722,LAU_R_613,60.703
506227.806,330471.284,LAU_R_612,60.746
506226.669,330470.844,LAU_R_611,60.785
506225.377,330470.491,LAU_R_610,60.827
506224.114,330470.042,LAU_R_609,60.82
506222.806,330469.593,LAU_R_608,60.852
506221.514,330469.166,LAU_R_607,60.887
506220.263,330468.735,LAU_R_606,60.917
506219.004,330468.289,LAU_R_605,60.93
506217.697,330467.862,LAU_R_604,60.945
506216.39,330467.433,LAU_R_603,60.954
506215.161,330466.977,LAU_R_602,60.981
506213.892,330466.594,LAU_R_601,61.009
506212.684,330466.145,LAU_R_600,61.057
506211.421,330465.736,LAU_R_599,61.026
506210.232,330465.284,LAU_R_598,61.057
506208.994,330464.891,LAU_R_597,61.063
506207.809,330464.463,LAU_R_596,61.082
506206.704,330464.1,LAU_R_595,61.094
506205.612,330463.674,LAU_R_594,61.126
506204.507,330463.304,LAU_R_593,61.117
506203.357,330462.925,LAU_R_592,61.14
506202.217,330462.534,LAU_R_591,61.142
506201.112,330462.198,LAU_R_590,61.144
506200.034,330461.814,LAU_R_589,61.18
506198.797,330461.46,LAU_R_588,61.2
506197.667,330461.025,LAU_R_587,61.191
506196.479,330460.659,LAU_R_586,61.219
506195.383,330460.307,LAU_R_585,61.239
506194.379,330459.925,LAU_R_584,61.235
506193.33,330459.585,LAU_R_583,61.288
506192.242,330459.23,LAU_R_582,61.264
506191.162,330458.858,LAU_R_581,61.27
506190.132,330458.55,LAU_R_580,61.306
506189.264,330458.279,LAU_R_579,61.31
506188.244,330457.956,LAU_R_578,61.307
506187.299,330457.632,LAU_R_577,61.311
506186.442,330457.376,LAU_R_576,61.24
506185.784,330457.151,LAU_R_575,61.265
506185.327,330456.991,LAU_R_574,61.315
506185.202,330456.845,LAU_R_573,61.491
506185.029,330457.072,LAU_R_572,61.339
506184.864,330457.642,LAU_R_571,61.401
506184.973,330458.049,LAU_R_570,61.318
506184.974,330458.122,LAU_R_569,61.292
506184.972,330458.108,LAU_R_568,61.291
506184.97,330458.099,LAU_R_567,61.292
506185.084,330458.13,LAU_R_566,61.299
506185.79,330458.411,LAU_R_565,61.307
506186.942,330458.807,LAU_R_564,61.298
506188.143,330459.199,LAU_R_563,61.272
506189.333,330459.548,LAU_R_562,61.277
506190.583,330459.903,LAU_R_561,61.253
506191.725,330460.311,LAU_R_560,61.228
506192.846,330460.671,LAU_R_559,61.226
506194.037,330461.093,LAU_R_558,61.231
506195.208,330461.479,LAU_R_557,61.208
506196.439,330461.918,LAU_R_556,61.179
506197.633,330462.286,LAU_R_555,61.179
506198.868,330462.676,LAU_R_554,61.158
506200.037,330463.11,LAU_R_553,61.174
506201.244,330463.461,LAU_R_552,61.115
506202.401,330463.825,LAU_R_551,61.122
506203.647,330464.292,LAU_R_550,61.129
506204.861,330464.681,LAU_R_549,61.112
506205.997,330465.114,LAU_R_548,61.093
506207.14,330465.536,LAU_R_547,61.094
506208.295,330465.952,LAU_R_546,61.072
506209.367,330466.327,LAU_R_545,61.065
506210.542,330466.729,LAU_R_544,61.06
506211.73,330467.109,LAU_R_543,61.055
506212.891,330467.504,LAU_R_542,61.024
506213.992,330467.903,LAU_R_541,61.017
506215.104,330468.286,LAU_R_540,60.991
506216.261,330468.683,LAU_R_539,61.007
506217.385,330469.072,LAU_R_538,60.959
506218.52,330469.423,LAU_R_537,60.946
506219.682,330469.791,LAU_R_536,60.902
506220.74,330470.179,LAU_R_535,60.909
506221.828,330470.559,LAU_R_534,60.856
506222.989,330470.917,LAU_R_533,60.869
506224.04,330471.292,LAU_R_532,60.833
506225.096,330471.65,LAU_R_531,60.812
506226.178,330472.021,LAU_R_530,60.813
506227.168,330472.334,LAU_R_529,60.778
506228.18,330472.695,LAU_R_528,60.748
506229.321,330473.055,LAU_R_527,60.724
506230.399,330473.417,LAU_R_526,60.73
506231.449,330473.738,LAU_R_525,60.695
506232.483,330474.104,LAU_R_524,60.686
506233.623,330474.46,LAU_R_523,60.672
506234.688,330474.816,LAU_R_522,60.63
506235.776,330475.168,LAU_R_521,60.612
506236.863,330475.52,LAU_R_520,60.608
506237.949,330475.872,LAU_R_519,60.582
506238.953,330476.205,LAU_R_518,60.549
506240.033,330476.547,LAU_R_517,60.55
506241.082,330476.891,LAU_R_516,60.546
506242.199,330477.288,LAU_R_515,60.518
506243.261,330477.642,LAU_R_514,60.523
506244.331,330477.985,LAU_R_513,60.514
506245.395,330478.321,LAU_R_512,60.491
506246.466,330478.66,LAU_R_511,60.478
506247.501,330479.018,LAU_R_510,60.496
506248.551,330479.361,LAU_R_509,60.472
506249.587,330479.705,LAU_R_508,60.474
506250.571,330480.007,LAU_R_507,60.472
506251.601,330480.317,LAU_R_506,60.47
506252.609,330480.637,LAU_R_505,60.46
506253.57,330480.962,LAU_R_504,60.453
506254.575,330481.272,LAU_R_503,60.45
506255.577,330481.594,LAU_R_502,60.445
506256.589,330481.856,LAU_R_501,60.44
506257.562,330482.219,LAU_R_500,60.455
506258.617,330482.549,LAU_R_499,60.429
506259.635,330482.875,LAU_R_498,60.421
506260.619,330483.173,LAU_R_497,60.411
506261.462,330483.445,LAU_R_496,60.418
506262.365,330483.707,LAU_R_495,60.392
506263.237,330483.99,LAU_R_494,60.395
506264.038,330484.252,LAU_R_493,60.408
506264.882,330484.499,LAU_R_492,60.365
506265.788,330484.774,LAU_R_491,60.366
506266.62,330485.007,LAU_R_490,60.364
506267.399,330485.26,LAU_R_489,60.35
506268.215,330485.515,LAU_R_488,60.351
506269.047,330485.74,LAU_R_487,60.352
506269.84,330485.997,LAU_R_486,60.326
506270.653,330486.243,LAU_R_485,60.341
506271.255,330486.476,LAU_R_484,60.317
506271.331,330486.492,LAU_R_483,60.319
506271.336,330486.493,LAU_R_482,60.313
506271.336,330486.496,LAU_R_481,60.315
506271.333,330486.494,LAU_R_480,60.314
506271.332,330486.488,LAU_R_479,60.305
506271.32,330486.486,LAU_R_478,60.311
506271.32,330486.48,LAU_R_477,60.321
506271.319,330486.477,LAU_R_476,60.307
506271.424,330486.513,LAU_R_475,60.307
506272.051,330486.69,LAU_R_474,60.312
506272.575,330486.833,LAU_R_473,60.304
506272.829,330486.887,LAU_R_472,60.299
506272.897,330486.902,LAU_R_471,60.285
506272.895,330486.902,LAU_R_470,60.28
506272.896,330486.897,LAU_R_469,60.288
506272.897,330486.894,LAU_R_468,60.29
506272.866,330486.964,LAU_R_467,60.301
506272.781,330487.0,LAU_R_466,60.285
506272.726,330487.352,LAU_R_465,60.315
506272.559,330487.687,LAU_R_464,60.303
506272.29,330487.837,LAU_R_463,60.316
506271.597,330487.581,LAU_R_462,60.285
506270.595,330487.298,LAU_R_461,60.311
506269.566,330486.983,LAU_R_460,60.324
506268.464,330486.635,LAU_R_459,60.335
506267.41,330486.292,LAU_R_458,60.37
506266.254,330485.975,LAU_R_457,60.321
506265.19,330485.634,LAU_R_456,60.361
506264.136,330485.331,LAU_R_455,60.362
506263.054,330484.996,LAU_R_454,60.393
506261.971,330484.632,LAU_R_453,60.391
506260.894,330484.3,LAU_R_452,60.419
506259.814,330483.972,LAU_R_451,60.383
506258.752,330483.623,LAU_R_450,60.406
506257.66,330483.291,LAU_R_449,60.404
506256.572,330482.948,LAU_R_448,60.421
506255.518,330482.645,LAU_R_447,60.401
506254.516,330482.305,LAU_R_446,60.442
506253.568,330481.986,LAU_R_445,60.43
506252.57,330481.697,LAU_R_444,60.45
506251.634,330481.382,LAU_R_443,60.436
506250.724,330481.102,LAU_R_442,60.453
506249.73,330480.761,LAU_R_441,60.449
506248.805,330480.471,LAU_R_440,60.462
506247.865,330480.128,LAU_R_439,60.46
506246.969,330479.835,LAU_R_438,60.47
506246.008,330479.561,LAU_R_437,60.481
506244.947,330479.332,LAU_R_436,60.496
506243.989,330478.988,LAU_R_435,60.516
506243.052,330478.696,LAU_R_434,60.514
506242.116,330478.377,LAU_R_433,60.513
506241.173,330478.038,LAU_R_432,60.532
506240.204,330477.759,LAU_R_431,60.532
506239.291,330477.487,LAU_R_430,60.558
506238.438,330477.151,LAU_R_429,60.561
506237.568,330476.906,LAU_R_428,60.574
506236.732,330476.628,LAU_R_427,60.595
506235.887,330476.336,LAU_R_426,60.618
506235.077,330476.054,LAU_R_425,60.638
506234.214,330475.779,LAU_R_424,60.641
506233.272,330475.483,LAU_R_423,60.655
506232.399,330475.189,LAU_R_422,60.659
506231.536,330474.918,LAU_R_421,60.671
506230.671,330474.653,LAU_R_420,60.707
506229.787,330474.394,LAU_R_419,60.723
506228.921,330474.055,LAU_R_418,60.738
506228.135,330473.808,LAU_R_417,60.746
506227.249,330473.502,LAU_R_416,60.751
506226.366,330473.241,LAU_R_415,60.774
506225.494,330472.889,LAU_R_414,60.793
506224.656,330472.671,LAU_R_413,60.823
506223.85,330472.407,LAU_R_412,60.831
506223.013,330472.115,LAU_R_411,60.861
506222.112,330471.823,LAU_R_410,60.889
506221.268,330471.556,LAU_R_409,60.905
506220.422,330471.284,LAU_R_408,60.938
506219.582,330470.955,LAU_R_407,60.938
506218.745,330470.708,LAU_R_406,60.952
506217.897,330470.35,LAU_R_405,60.958
506217.003,330470.079,LAU_R_404,60.986
506216.091,330469.823,LAU_R_403,60.99
506215.255,330469.489,LAU_R_402,61.003
506214.49,330469.205,LAU_R_401,61.006
506213.686,330468.958,LAU_R_400,61.021
506212.866,330468.626,LAU_R_399,61.025
506212.002,330468.381,LAU_R_398,61.049
506211.116,330468.093,LAU_R_397,61.053
506210.285,330467.784,LAU_R_396,61.061
506209.405,330467.443,LAU_R_395,61.077
506208.635,330467.195,LAU_R_394,61.087
506207.822,330466.898,LAU_R_393,61.075
506207.077,330466.643,LAU_R_392,61.132
506206.252,330466.329,LAU_R_391,61.086
506205.428,330466.108,LAU_R_390,61.117
506204.703,330465.809,LAU_R_389,61.109
506203.891,330465.511,LAU_R_388,61.121
506203.006,330465.249,LAU_R_387,61.159
506202.23,330465.016,LAU_R_386,61.131
506201.706,330464.831,LAU_R_385,61.152
506201.18,330464.637,LAU_R_384,61.147
506200.532,330464.393,LAU_R_383,61.163
506199.781,330464.137,LAU_R_382,61.165
506199.033,330463.903,LAU_R_381,61.162
506198.431,330463.648,LAU_R_380,61.145
506197.733,330463.38,LAU_R_379,61.173
506197.06,330463.172,LAU_R_378,61.174
506196.331,330462.903,LAU_R_377,61.192
506195.55,330462.674,LAU_R_376,61.204
506194.788,330462.419,LAU_R_375,61.238
506194.002,330462.202,LAU_R_374,61.233
506193.175,330461.918,LAU_R_373,61.232
506192.415,330461.627,LAU_R_372,61.253
506191.604,330461.367,LAU_R_371,61.246
506190.849,330461.141,LAU_R_370,61.253
506190.128,330460.907,LAU_R_369,61.265
506189.378,330460.671,LAU_R_368,61.281
506188.717,330460.444,LAU_R_367,61.275
506188.055,330460.209,LAU_R_366,61.287
506187.405,330460.011,LAU_R_365,61.306
506186.812,330459.802,LAU_R_364,61.305
506186.172,330459.62,LAU_R_363,61.291
506185.717,330459.449,LAU_R_362,61.321
506185.286,330459.3,LAU_R_361,61.315
506184.833,330459.148,LAU_R_360,61.326
506184.401,330459.015,LAU_R_359,61.319
506184.022,330458.868,LAU_R_358,61.328
506183.897,330458.844,LAU_R_357,61.336
506183.852,330458.82,LAU_R_356,61.315
506183.803,330458.811,LAU_R_355,61.3
506183.803,330458.807,LAU_R_354,61.301
506183.803,330458.815,LAU_R_353,61.292
506183.812,330458.812,LAU_R_352,61.302
506183.802,330458.813,LAU_R_351,61.298
506183.805,330458.81,LAU_R_350,61.304
506183.815,330458.79,LAU_R_349,61.289
506183.86,330458.839,LAU_R_348,61.312
506183.904,330458.901,LAU_R_347,61.296
506183.9,330458.982,LAU_R_346,61.306
506183.74,330459.312,LAU_R_345,61.321
506183.723,330459.501,LAU_R_344,61.308
506183.746,330459.751,LAU_R_343,61.308
506183.786,330459.763,LAU_R_342,61.299
506183.831,330459.811,LAU_R_341,61.292
506183.722,330459.818,LAU_R_340,61.271
506183.724,330459.818,LAU_R_339,61.267
506183.721,330459.822,LAU_R_338,61.279
506183.732,330459.821,LAU_R_337,61.252
506183.733,330459.821,LAU_R_336,61.245
506183.734,330459.818,LAU_R_335,61.245
506183.732,330459.813,LAU_R_334,61.235
506183.734,330459.807,LAU_R_333,61.246
506183.735,330459.807,LAU_R_332,61.246
506183.739,330459.791,LAU_R_331,61.259
506183.749,330459.794,LAU_R_330,61.284
506183.706,330459.794,LAU_R_329,61.273
506183.964,330459.836,LAU_R_328,61.301
506184.637,330460.088,LAU_R_327,61.271
506185.582,330460.425,LAU_R_326,61.284
506186.562,330460.769,LAU_R_325,61.27
506187.538,330461.086,LAU_R_324,61.261
506188.586,330461.435,LAU_R_323,61.279
506189.575,330461.756,LAU_R_322,61.254
506190.645,330462.132,LAU_R_321,61.243
506191.681,330462.457,LAU_R_320,61.252
506192.739,330462.854,LAU_R_319,61.212
506193.791,330463.16,LAU_R_318,61.219
506194.785,330463.521,LAU_R_317,61.21
506195.811,330463.843,LAU_R_316,61.187
506196.892,330464.181,LAU_R_315,61.164
506198.024,330464.569,LAU_R_314,61.138
506199.026,330464.915,LAU_R_313,61.15
506200.071,330465.249,LAU_R_312,61.147
506201.066,330465.623,LAU_R_311,61.133
506202.16,330465.948,LAU_R_310,61.132
506203.16,330466.299,LAU_R_309,61.096
506204.196,330466.617,LAU_R_308,61.106
506205.172,330466.987,LAU_R_307,61.115
506206.17,330467.346,LAU_R_306,61.093
506207.121,330467.658,LAU_R_305,61.069
506208.097,330468.029,LAU_R_304,61.07
506209.095,330468.33,LAU_R_303,61.046
506210.065,330468.659,LAU_R_302,61.037
506211.083,330469.028,LAU_R_301,61.022
506212.085,330469.367,LAU_R_300,61.021
506213.087,330469.734,LAU_R_299,61.013
506214.066,330470.073,LAU_R_298,60.995
506215.033,330470.445,LAU_R_297,60.971
506216.093,330470.769,LAU_R_296,60.956
506217.066,330471.117,LAU_R_295,60.95
506218.038,330471.415,LAU_R_294,60.938
506218.934,330471.731,LAU_R_293,60.914
506219.859,330472.041,LAU_R_292,60.885
506220.804,330472.362,LAU_R_291,60.879
506221.811,330472.656,LAU_R_290,60.848
506222.794,330472.984,LAU_R_289,60.829
506223.771,330473.28,LAU_R_288,60.806
506224.76,330473.625,LAU_R_287,60.784
506225.776,330473.97,LAU_R_286,60.756
506226.777,330474.301,LAU_R_285,60.744
506227.719,330474.579,LAU_R_284,60.721
506228.679,330474.925,LAU_R_283,60.694
506229.642,330475.255,LAU_R_282,60.68
506230.612,330475.572,LAU_R_281,60.678
506231.596,330475.848,LAU_R_280,60.663
506232.538,330476.224,LAU_R_279,60.649
506233.63,330476.525,LAU_R_278,60.618
506234.687,330476.872,LAU_R_277,60.599
506235.677,330477.148,LAU_R_276,60.573
506236.695,330477.57,LAU_R_275,60.57
506237.729,330477.867,LAU_R_274,60.574
506238.604,330478.127,LAU_R_273,60.505
506239.462,330478.404,LAU_R_272,60.516
506240.286,330478.707,LAU_R_271,60.51
506241.08,330478.987,LAU_R_270,60.502
506241.816,330479.237,LAU_R_269,60.513
506242.506,330479.507,LAU_R_268,60.516
506243.306,330479.72,LAU_R_267,60.476
506243.384,330479.765,LAU_R_266,60.471
506243.384,330479.766,LAU_R_265,60.466
506243.379,330479.745,LAU_R_264,60.459
506243.672,330479.792,LAU_R_263,60.468
506244.454,330480.079,LAU_R_262,60.461
506245.382,330480.405,LAU_R_261,60.465
506246.397,330480.724,LAU_R_260,60.457
506247.396,330481.054,LAU_R_259,60.444
506248.388,330481.336,LAU_R_258,60.453
506249.463,330481.7,LAU_R_257,60.443
506250.472,330482.05,LAU_R_256,60.443
506251.515,330482.326,LAU_R_255,60.412
506252.55,330482.68,LAU_R_254,60.423
506253.554,330482.957,LAU_R_253,60.412
506254.6,330483.324,LAU_R_252,60.42
506255.671,330483.643,LAU_R_251,60.394
506256.798,330484.006,LAU_R_250,60.397
506257.89,330484.349,LAU_R_249,60.404
506258.918,330484.701,LAU_R_248,60.385
506259.925,330485.025,LAU_R_247,60.377
506261.018,330485.344,LAU_R_246,60.37
506262.065,330485.725,LAU_R_245,60.36
506263.126,330486.065,LAU_R_244,60.354
506264.019,330486.389,LAU_R_243,60.337
506264.968,330486.651,LAU_R_242,60.332
506265.929,330486.916,LAU_R_241,60.334
506266.929,330487.198,LAU_R_240,60.317
506267.939,330487.497,LAU_R_239,60.299
506268.907,330487.806,LAU_R_238,60.295
506269.926,330488.13,LAU_R_237,60.285
506270.9,330488.393,LAU_R_236,60.279
506271.89,330488.698,LAU_R_235,60.279
506272.784,330488.987,LAU_R_234,60.257
506273.609,330489.221,LAU_R_233,60.259
506274.32,330489.437,LAU_R_232,60.24
506274.8,330489.64,LAU_R_231,60.243
506274.813,330489.633,LAU_R_230,60.232
506274.819,330489.717,LAU_R_229,60.241
506274.785,330489.975,LAU_R_228,60.251
506274.733,330490.12,LAU_R_227,60.229
506274.637,330490.397,LAU_R_226,60.219
506274.489,330490.492,LAU_R_225,60.212
506274.34,330490.53,LAU_R_224,60.207
506273.681,330490.317,LAU_R_223,60.225
506272.6,330489.99,LAU_R_222,60.262
506271.442,330489.652,LAU_R_221,60.25
506270.286,330489.301,LAU_R_220,60.258
506269.148,330488.954,LAU_R_219,60.271
506268.033,330488.617,LAU_R_218,60.303
506266.915,330488.273,LAU_R_217,60.329
506265.886,330487.999,LAU_R_216,60.297
506264.824,330487.68,LAU_R_215,60.314
506263.753,330487.339,LAU_R_214,60.328
506262.731,330486.992,LAU_R_213,60.346
506261.668,330486.69,LAU_R_212,60.356
506260.657,330486.333,LAU_R_211,60.369
506259.629,330486.032,LAU_R_210,60.369
506258.59,330485.691,LAU_R_209,60.369
506257.565,330485.325,LAU_R_208,60.361
506256.53,330485.053,LAU_R_207,60.398
506255.515,330484.692,LAU_R_206,60.395
506254.456,330484.4,LAU_R_205,60.402
506253.456,330484.04,LAU_R_204,60.419
506252.446,330483.737,LAU_R_203,60.424
506251.362,330483.409,LAU_R_202,60.413
506250.377,330483.072,LAU_R_201,60.438
506249.373,330482.745,LAU_R_200,60.436
506248.493,330482.51,LAU_R_199,60.434
506247.781,330482.275,LAU_R_198,60.434
506247.6,330482.201,LAU_R_197,60.421
506247.603,330482.194,LAU_R_196,60.414
506247.6,330482.197,LAU_R_195,60.41
506247.597,330482.195,LAU_R_194,60.405
506247.569,330482.206,LAU_R_193,60.413
506247.6,330482.199,LAU_R_192,60.416
506247.368,330482.114,LAU_R_191,60.449
506246.422,330481.779,LAU_R_190,60.444
506245.381,330481.441,LAU_R_189,60.448
506244.374,330481.109,LAU_R_188,60.471
506243.421,330480.796,LAU_R_187,60.482
506242.474,330480.531,LAU_R_186,60.504
506241.574,330480.247,LAU_R_185,60.521
506241.12,330480.038,LAU_R_184,60.515
506240.772,330479.921,LAU_R_183,60.509
506239.93,330479.615,LAU_R_182,60.493
506238.93,330479.336,LAU_R_181,60.51
506237.99,330479.014,LAU_R_180,60.535
506236.925,330478.666,LAU_R_179,60.551
506235.929,330478.368,LAU_R_178,60.584
506234.834,330478.07,LAU_R_177,60.618
506233.85,330477.711,LAU_R_176,60.621
506232.89,330477.39,LAU_R_175,60.613
506231.816,330477.047,LAU_R_174,60.64
506230.746,330476.702,LAU_R_173,60.639
506229.561,330476.299,LAU_R_172,60.667
506228.406,330475.926,LAU_R_171,60.689
506227.309,330475.601,LAU_R_170,60.699
506226.288,330475.27,LAU_R_169,60.775
506225.192,330474.877,LAU_R_168,60.774
506224.027,330474.489,LAU_R_167,60.772
506222.95,330474.134,LAU_R_166,60.81
506221.879,330473.754,LAU_R_165,60.86
506220.77,330473.423,LAU_R_164,60.852
506219.673,330473.055,LAU_R_163,60.874
506218.631,330472.742,LAU_R_162,60.895
506217.558,330472.349,LAU_R_161,60.927
506216.503,330471.984,LAU_R_160,60.95
506215.452,330471.683,LAU_R_159,60.964
506214.535,330471.319,LAU_R_158,60.978
506213.522,330470.925,LAU_R_157,60.977
506212.511,330470.635,LAU_R_156,60.988
506211.51,330470.274,LAU_R_155,61.014
506210.452,330469.916,LAU_R_154,61.011
506209.44,330469.595,LAU_R_153,61.013
506208.478,330469.251,LAU_R_152,61.031
506207.441,330468.889,LAU_R_151,61.027
506206.4,330468.499,LAU_R_150,61.064
506205.373,330468.145,LAU_R_149,61.07
506204.35,330467.809,LAU_R_148,61.104
506203.271,330467.447,LAU_R_147,61.064
506202.199,330467.062,LAU_R_146,61.072
506201.205,330466.742,LAU_R_145,61.09
506200.245,330466.407,LAU_R_144,61.104
506199.307,330466.083,LAU_R_143,61.106
506198.398,330465.764,LAU_R_142,61.127
506197.456,330465.438,LAU_R_141,61.164
506196.539,330465.153,LAU_R_140,61.144
506195.552,330464.88,LAU_R_139,61.168
506194.521,330464.517,LAU_R_138,61.16
506193.559,330464.157,LAU_R_137,61.191
506192.52,330463.809,LAU_R_136,61.192
506191.485,330463.486,LAU_R_135,61.207
506190.472,330463.127,LAU_R_134,61.208
506189.458,330462.81,LAU_R_133,61.239
506188.473,330462.491,LAU_R_132,61.239
506187.502,330462.184,LAU_R_131,61.262
506186.528,330461.855,LAU_R_130,61.262
506185.508,330461.469,LAU_R_129,61.263
506184.516,330461.169,LAU_R_128,61.264
506183.637,330460.886,LAU_R_127,61.279
506182.987,330460.608,LAU_R_126,61.274
506182.537,330460.493,LAU_R_125,61.309
506182.442,330460.45,LAU_R_124,61.299
506182.445,330460.44,LAU_R_123,61.297
506182.447,330460.441,LAU_R_122,61.296
506182.389,330460.424,LAU_R_121,61.293
506182.421,330460.459,LAU_R_120,61.292
506182.429,330460.5,LAU_R_119,61.288
506182.318,330460.581,LAU_R_118,61.255
506182.247,330460.883,LAU_R_117,61.243
506182.177,330461.153,LAU_R_116,61.242
506182.152,330461.235,LAU_R_115,61.206
506182.147,330461.505,LAU_R_114,61.243
506182.175,330461.51,LAU_R_113,61.25
506182.137,330461.63,LAU_R_112,61.245
506182.217,330461.694,LAU_R_111,61.221
506182.877,330461.908,LAU_R_110,61.206
506183.816,330462.193,LAU_R_109,61.216
506184.743,330462.555,LAU_R_108,61.189
506185.775,330462.912,LAU_R_107,61.194
506186.851,330463.226,LAU_R_106,61.206
506187.865,330463.604,LAU_R_105,61.181
506188.881,330463.909,LAU_R_104,61.184
506189.877,330464.242,LAU_R_103,61.179
506190.893,330464.569,LAU_R_102,61.152
506191.899,330464.902,LAU_R_101,61.141
506192.934,330465.249,LAU_R_100,61.119
506193.866,330465.533,LAU_R_99,61.131
506194.773,330465.886,LAU_R_98,61.078
506195.821,330466.221,LAU_R_97,61.07
506196.807,330466.567,LAU_R_96,61.049
506197.857,330466.893,LAU_R_95,61.073
506198.778,330467.19,LAU_R_94,61.017
506199.699,330467.511,LAU_R_93,61.033
506200.622,330467.821,LAU_R_92,61.045
506201.379,330468.085,LAU_R_91,61.047
506201.771,330468.223,LAU_R_90,61.037
506201.809,330468.277,LAU_R_89,60.996
506201.808,330468.279,LAU_R_88,61
506201.802,330468.275,LAU_R_87,60.986
506201.79,330468.277,LAU_R_86,61.017
506201.772,330468.223,LAU_R_85,61.014
506202.09,330468.311,LAU_R_84,61.022
506203.195,330468.647,LAU_R_83,61.011
506204.198,330469.037,LAU_R_82,61.038
506205.141,330469.284,LAU_R_81,60.99
506206.108,330469.614,LAU_R_80,60.992
506207.142,330469.914,LAU_R_79,60.957
506207.98,330470.29,LAU_R_78,60.988
506208.891,330470.583,LAU_R_77,60.977
506209.822,330470.934,LAU_R_76,60.979
506210.852,330471.209,LAU_R_75,60.974
506211.841,330471.67,LAU_R_74,60.963
506212.884,330471.967,LAU_R_73,60.949
506213.921,330472.378,LAU_R_72,60.955
506214.938,330472.687,LAU_R_71,60.901
506215.976,330473.087,LAU_R_70,60.882
506216.846,330473.413,LAU_R_69,60.903
506217.84,330473.719,LAU_R_68,60.861
506218.847,330474.032,LAU_R_67,60.879
506219.867,330474.303,LAU_R_66,60.797
506220.735,330474.676,LAU_R_65,60.805
506221.655,330474.995,LAU_R_64,60.789
506222.69,330475.291,LAU_R_63,60.772
506223.701,330475.647,LAU_R_62,60.74
506224.802,330476.021,LAU_R_61,60.688
506225.841,330476.332,LAU_R_60,60.708
506226.827,330476.668,LAU_R_59,60.682
506227.816,330476.969,LAU_R_58,60.654
506228.809,330477.246,LAU_R_57,60.643
506229.795,330477.618,LAU_R_56,60.608
506230.904,330477.915,LAU_R_55,60.603
506231.956,330478.264,LAU_R_54,60.582
506233.058,330478.64,LAU_R_53,60.581
506234.077,330478.953,LAU_R_52,60.561
506235.038,330479.334,LAU_R_51,60.548
506236.002,330479.652,LAU_R_50,60.559
506237.025,330479.895,LAU_R_49,60.517
506238.046,330480.253,LAU_R_48,60.482
506239.046,330480.609,LAU_R_47,60.494
506240.184,330480.963,LAU_R_46,60.464
506241.302,330481.349,LAU_R_45,60.442
506242.533,330481.714,LAU_R_44,60.456
506243.703,330482.106,LAU_R_43,60.444
506244.839,330482.416,LAU_R_42,60.442
506245.906,330482.822,LAU_R_41,60.422
506246.936,330483.153,LAU_R_40,60.403
506247.985,330483.43,LAU_R_39,60.387
506248.998,330483.766,LAU_R_38,60.396
506250.035,330484.059,LAU_R_37,60.397
506250.941,330484.37,LAU_R_36,60.409
506251.943,330484.689,LAU_R_35,60.378
506252.975,330485.087,LAU_R_34,60.367
506253.837,330485.422,LAU_R_33,60.365
506254.765,330485.706,LAU_R_32,60.365
506255.722,330485.988,LAU_R_31,60.357
506256.669,330486.314,LAU_R_30,60.351
506257.634,330486.617,LAU_R_29,60.331
506258.578,330486.86,LAU_R_28,60.323
506259.558,330487.182,LAU_R_27,60.32
506260.625,330487.547,LAU_R_26,60.3
506261.59,330487.886,LAU_R_25,60.257
506262.52,330488.182,LAU_R_24,60.262
506263.368,330488.423,LAU_R_23,60.291
506264.185,330488.655,LAU_R_22,60.269
506265.053,330488.9,LAU_R_21,60.266
506265.966,330489.27,LAU_R_20,60.252
506266.977,330489.566,LAU_R_19,60.274
506267.954,330489.886,LAU_R_18,60.272
506268.887,330490.147,LAU_R_17,60.233
506269.779,330490.414,LAU_R_16,60.252
506270.623,330490.674,LAU_R_15,60.213
506271.398,330490.955,LAU_R_14,60.214
506272.15,330491.148,LAU_R_13,60.2
506272.767,330491.31,LAU_R_12,60.19
506273.039,330491.407,LAU_R_11,60.191
506273.069,330491.438,LAU_R_10,60.2
506273.072,330491.438,LAU_R_9,60.198
506273.071,330491.439,LAU_R_8,60.204
506273.069,330491.44,LAU_R_7,60.193
506273.068,330491.441,LAU_R_6,60.198
506273.066,330491.433,LAU_R_5,60.214
506273.06,330491.441,LAU_R_4,60.22
506273.062,330491.44,LAU_R_3,60.216
506273.067,330491.439,LAU_R_2,60.208
506273.07,330491.436,LAU_R_1,60.206
